"","userName","createdTime","caption","userHasLiked","likes","tags","filter","commentsCount","type","location","usersInPhoto","commentsAbove6","weekdays","usersAbove0","dateNew"
"1","thiloshon",2017-05-01 18:29:41,"#squad #tb",FALSE,85,"squad, tb","Normal",0,"image","null",9,FALSE,"Monday",TRUE,2017-05-01
"2","thiloshon",2017-02-21 21:42:35,"null",FALSE,75,"","Normal",0,"image","null",0,FALSE,"Tuesday",FALSE,2017-02-21
"3","thiloshon",2017-02-12 12:15:57,"Family +1 <ed><U+00A0><U+00BD><ed><U+00B8><U+008D>",FALSE,59,"","Normal",3,"image","null",1,FALSE,"Sunday",TRUE,2017-02-12
"4","thiloshon",2017-01-02 01:41:44,"null",FALSE,81,"","Normal",7,"image","null",0,TRUE,"Monday",FALSE,2017-01-01
"5","thiloshon",2016-12-10 20:23:04,"Yearbook Shoot
#tb2015 #13ME #Bois",FALSE,67,"13me, tb2015, bois","Normal",0,"image","null",0,FALSE,"Saturday",FALSE,2016-12-10
"6","thiloshon",2016-11-14 21:14:40,"Shallow Depth of Field, iPhone 7 Plus : Impressive, Google Camera introduced Lens Blur couple of years back which used some crazy math to produce the effect. But it wasn't completely reliable. IP7 makes use of dual camera and some machine learning.",FALSE,63,"","Normal",10,"image","null",0,TRUE,"Monday",FALSE,2016-11-14
"7","thiloshon",2016-09-01 22:32:19,"'Em Bois...",FALSE,61,"","Mayfair",0,"image","null",0,FALSE,"Thursday",FALSE,2016-09-01
"8","thiloshon",2016-07-08 20:20:17,"null",FALSE,65,"","Normal",4,"image","null",0,FALSE,"Friday",FALSE,2016-07-08
"9","thiloshon",2016-06-25 08:30:50,"9AM: ""We have a long day ahead folks, let's do this"" 
11AM: ""f*** this. Imma doze off..."" Photo Credits: @thilan_zeuz",FALSE,67,"","Normal",12,"image","null",0,TRUE,"Saturday",FALSE,2016-06-25
"10","thiloshon",2016-06-18 22:14:59,"null",FALSE,56,"","Normal",2,"image","null",0,FALSE,"Saturday",FALSE,2016-06-18
"11","thiloshon",2016-06-05 22:24:05,"null",FALSE,48,"","Normal",4,"image","null",2,FALSE,"Sunday",TRUE,2016-06-05
"12","thiloshon",2016-05-22 23:32:43,"null",FALSE,31,"","Normal",3,"image","null",0,FALSE,"Sunday",FALSE,2016-05-22
"13","thiloshon",2016-04-25 00:17:17,"Arabian Knights",FALSE,27,"","Juno",0,"image","null",0,FALSE,"Monday",FALSE,2016-04-24
"14","thiloshon",2016-04-12 21:39:47,"null",FALSE,39,"","Juno",0,"image","null",0,FALSE,"Tuesday",FALSE,2016-04-12
"15","thiloshon",2016-03-23 20:50:03,"#throwback #2014 #rctkms #brotherhood #topboard",FALSE,44,"brotherhood, 2014, topboard, rctkms, throwback","Normal",4,"image","null",0,FALSE,"Wednesday",FALSE,2016-03-23
"16","thiloshon",2016-03-17 07:05:14,"#throwback #2014 #brotherhood #Anna",FALSE,42,"2014, brotherhood, throwback, anna","Normal",0,"image","Serangoon Next Mall",0,FALSE,"Thursday",FALSE,2016-03-17
"17","thiloshon",2016-03-13 10:43:22,"#throwback #2014",FALSE,48,"throwback, 2014","Amaro",5,"image","Orchard",0,FALSE,"Sunday",FALSE,2016-03-13
"18","thiloshon",2016-03-06 06:34:12,"null",FALSE,40,"","Clarendon",2,"image","Madolduwa",0,FALSE,"Sunday",FALSE,2016-03-06
"19","thiloshon",2016-03-02 18:41:48,"Times when nostalgia sweeps over... #throwback #2014 #rctkms #nostalgia",FALSE,38,"nostalgia, rctkms, throwback, 2014","Normal",2,"image","null",0,FALSE,"Wednesday",FALSE,2016-03-02
"20","thiloshon",2016-02-25 22:57:08,"Photo credits @vihandesilva",FALSE,38,"","Normal",0,"image","null",0,FALSE,"Thursday",FALSE,2016-02-25
"21","supulm",2017-03-12 21:52:56,"I was gonna caption a Pun about the Sun. Well... I couldn't think of one.

#sorrynotsorry #nofilter #sunset",FALSE,21,"sunset, sorrynotsorry, nofilter","Clarendon",2,"image","null",0,FALSE,"Sunday",FALSE,2017-03-12
"22","supulm",2017-02-27 13:16:34,"These hose ain't loyal <ed><U+00A0><U+00BD><ed><U+00B8><U+0081> #failpun",FALSE,23,"failpun","Ludwig",0,"image","null",0,FALSE,"Monday",FALSE,2017-02-27
"23","supulm",2017-01-22 16:07:48,"They sea me rollin' 
#pungameisweak",FALSE,44,"pungameisweak","Normal",2,"image","Informatics Institute of Technology (IIT)",0,FALSE,"Sunday",FALSE,2017-01-22
"24","supulm",2016-11-22 17:05:22,"All the things you do... It was called ""Yellow"".",TRUE,37,"","Normal",2,"image","null",0,FALSE,"Tuesday",FALSE,2016-11-22
"25","supulm",2016-10-14 18:03:19,"No we ain't never getting older <ed><U+00A0><U+00BD><ed><U+00B9><U+008A> #irrelevantafcaption",FALSE,30,"irrelevantafcaption","Normal",2,"image","null",0,FALSE,"Friday",FALSE,2016-10-14
"26","supulm",2016-09-05 13:36:33,"Are we outta the woods? <ed><U+00A0><U+00BD><ed><U+00B9><U+008A> #vsco",FALSE,31,"vsco","Normal",2,"image","Nuwara Eliya",1,FALSE,"Monday",TRUE,2016-09-05
"27","supulm",2016-09-03 11:58:33,"Paradise. #vsco #vscolk",FALSE,31,"vsco, vscolk","Normal",0,"image","Nuwara Eliya",1,FALSE,"Saturday",TRUE,2016-09-03
"28","supulm",2016-08-24 21:21:10,"null",FALSE,27,"","Normal",0,"image","Galle Face",2,FALSE,"Wednesday",TRUE,2016-08-24
"29","supulm",2016-08-21 13:29:54,"null",FALSE,27,"","Ludwig",0,"image","The Legend Grand Noritake",2,FALSE,"Sunday",TRUE,2016-08-21
"30","supulm",2016-08-16 16:22:40,"Lovely day <ed><U+00A0><U+00BD><ed><U+00B9><U+008A> #vsco",FALSE,23,"vsco","Normal",0,"image","R.A. De Mel Mawatha (Duplication Road) Colombo Sri Lanka",1,FALSE,"Tuesday",TRUE,2016-08-16
"31","supulm",2016-08-06 18:53:42,"No captions hit me right now. #vscolk",FALSE,30,"vscolk","Normal",3,"image","Diyawannawa Lake",2,FALSE,"Saturday",TRUE,2016-08-06
"32","supulm",2016-08-02 20:40:27,"Much filters. Such wow. <ed><U+00A0><U+00BD><ed><U+00B8><U+008C>",FALSE,25,"","Ludwig",0,"image","null",0,FALSE,"Tuesday",FALSE,2016-08-02
"33","supulm",2016-07-30 12:09:23,"It's always darkest before the dawn... #vscolk",FALSE,21,"vscolk","Normal",0,"image","BMICH",2,FALSE,"Saturday",TRUE,2016-07-30
"34","supulm",2016-07-18 13:49:38,"Up&Up #vscolk",TRUE,21,"vscolk","Clarendon",0,"image","null",2,FALSE,"Monday",TRUE,2016-07-18
"35","supulm",2016-07-13 17:56:57,"<ed><U+00A0><U+00BC><ed><U+00BF><U+00A1><ed><U+00A0><U+00BC><ed><U+00BD><U+0083> #vscolk",FALSE,24,"vscolk","Normal",0,"image","null",2,FALSE,"Wednesday",TRUE,2016-07-13
"36","supulm",2016-06-28 20:14:01,"Babies <U+2764> @kokilayaa @nexus_devices",FALSE,19,"","Normal",4,"image","Informatics Institute of Technology",1,FALSE,"Tuesday",TRUE,2016-06-28
"37","supulm",2016-06-24 15:21:47,"#vsco #vscolk",FALSE,16,"vsco, vscolk","Normal",0,"image","null",2,FALSE,"Friday",TRUE,2016-06-24
"38","supulm",2016-06-17 20:01:09,"Fearless. 
#vscocam #vscolk",FALSE,15,"vscolk, vscocam","Normal",2,"image","null",2,FALSE,"Friday",TRUE,2016-06-17
"39","supulm",2016-04-15 13:36:18,"I'm her Batman <ed><U+00A0><U+00BD><ed><U+00B2><U+009E>",FALSE,10,"","Normal",0,"image","null",0,FALSE,"Friday",FALSE,2016-04-15
"40","supulm",2016-01-29 15:04:43,"""My fish is not in the sea anymore"" <ed><U+00A0><U+00BD><ed><U+00B8><U+0089><ed><U+00A0><U+00BD><ed><U+00B2><U+009E> 

Indian ocean as seen from the IIT terrace.
#IITlife #sea #panaroma",FALSE,18,"iitlife, sea, panaroma","Skyline",1,"image","Informatics Institute of Technology (IIT)",0,FALSE,"Friday",FALSE,2016-01-29
"41","shimak96",2017-01-18 09:16:29,"#morning #vibes",FALSE,71,"morning, vibes","Juno",0,"image","null",0,FALSE,"Wednesday",FALSE,2017-01-18
"42","shimak96",2016-05-18 13:38:22,"#breezy #day #tb",TRUE,51,"tb, day, breezy","Clarendon",0,"image","null",3,FALSE,"Wednesday",TRUE,2016-05-18
"43","shimak96",2016-03-05 20:36:02,"#VallBall #2k16",FALSE,37,"2k16, vallball","Gingham",3,"image","null",0,FALSE,"Saturday",FALSE,2016-03-05
"44","shimak96",2015-12-31 00:29:34,"#squad",FALSE,36,"squad","Clarendon",1,"image","null",2,FALSE,"Thursday",TRUE,2015-12-30
"45","shimak96",2015-11-04 06:46:28,"#After_long #time #met_friends",FALSE,42,"met_friends, time, after_long","Gingham",0,"image","null",3,FALSE,"Wednesday",TRUE,2015-11-04
"46","shimak96",2015-10-25 20:39:27,"#No#Caption",FALSE,31,"no, caption","Reyes",0,"image","null",0,FALSE,"Sunday",FALSE,2015-10-25
"47","shimak96",2015-05-15 10:21:22,"null",FALSE,26,"","Amaro",0,"image","null",0,FALSE,"Friday",FALSE,2015-05-15
"48","shimak96",2015-05-13 14:57:35,"#Parade #Seasons..",FALSE,35,"seasons, parade","Amaro",1,"image","null",1,FALSE,"Wednesday",TRUE,2015-05-13
"49","shimak96",2015-01-16 16:04:37,"#Brand_Awards #Feaver",FALSE,36,"feaver, brand_awards","Sutro",2,"image","null",0,FALSE,"Friday",FALSE,2015-01-16
"50","shimak96",2015-01-09 18:31:21,"#New_President #New_Lanaka",FALSE,34,"new_lanaka, new_president","Rise",0,"image","null",0,FALSE,"Friday",FALSE,2015-01-09
"51","shimak96",2014-11-21 19:27:16,"null",FALSE,35,"","Hudson",1,"image","null",0,FALSE,"Friday",FALSE,2014-11-21
"52","shimak96",2014-09-02 20:19:20,"#DonZ",FALSE,33,"donz","Hefe",0,"image","null",0,FALSE,"Tuesday",FALSE,2014-09-02
"53","ramzandieze",2017-03-15 22:26:43,"#arduino #iot #mybabe <ed><U+00A0><U+00BD><ed><U+00B8><U+009C>",FALSE,53,"iot, mybabe, arduino","Clarendon",0,"image","null",0,FALSE,"Wednesday",FALSE,2017-03-15
"54","ramzandieze",2017-03-12 00:04:06,"#androidappdevelopment #bugs <ed><U+00A0><U+00BD><ed><U+00B5><U+00B7><ed><U+00A0><U+00BD><ed><U+00B9><U+0088><ed><U+00A0><U+00BD><ed><U+00B9><U+0088>",FALSE,56,"bugs, androidappdevelopment","Normal",0,"image","null",0,FALSE,"Sunday",FALSE,2017-03-11
"55","ramzandieze",2017-02-06 00:18:31,"<ed><U+00A0><U+00BC><ed><U+00BF><U+008D><ed><U+00A0><U+00BD><ed><U+00BA><U+0080><ed><U+00A0><U+00BD><ed><U+00B8><U+009C><ed><U+00A0><U+00BD><ed><U+00B8><U+009C>",FALSE,61,"","Normal",0,"image","null",0,FALSE,"Monday",FALSE,2017-02-05
"56","ramzandieze",2017-01-24 20:44:28,"#wellawattebeach",FALSE,46,"wellawattebeach","Normal",0,"image","null",0,FALSE,"Tuesday",FALSE,2017-01-24
"57","ramzandieze",2016-12-17 20:21:33,"It<U+2019>s not a bug <U+2013> it<U+2019>s an undocumented feature. <ed><U+00A0><U+00BD><ed><U+00B9><U+0088><ed><U+00A0><U+00BD><ed><U+00B9><U+0088>#iitlife",FALSE,52,"iitlife","Clarendon",3,"image","null",0,FALSE,"Saturday",FALSE,2016-12-17
"58","ramzandieze",2016-12-06 18:23:59,"#iphone7plus<U+2764><U+FE0F>",FALSE,59,"iphone7plus<U+2764><U+FE0F>","Lark",1,"image","null",0,FALSE,"Tuesday",FALSE,2016-12-06
"59","ramzandieze",2016-12-03 08:51:29,"Sure, give me an adventure and I'll ride it.<ed><U+00A0><U+00BD><ed><U+00B8><U+009D><ed><U+00A0><U+00BD><ed><U+00B8><U+009D>",FALSE,49,"","Normal",0,"image","null",0,FALSE,"Saturday",FALSE,2016-12-03
"60","ramzandieze",2016-12-02 10:45:15,"null",FALSE,33,"","Gingham",0,"image","null",0,FALSE,"Friday",FALSE,2016-12-02
"61","ramzandieze",2016-11-26 19:04:12,"Miss that care free life,, <ed><U+00A0><U+00BE><ed><U+00B4><U+0097><ed><U+00A0><U+00BE><ed><U+00B4><U+0097>",FALSE,45,"","Normal",1,"image","null",0,FALSE,"Saturday",FALSE,2016-11-26
"62","ramzandieze",2016-11-23 11:58:46,"@kollupitiya #iitlife",FALSE,36,"iitlife","Normal",3,"image","null",0,FALSE,"Wednesday",FALSE,2016-11-23
"63","ramzandieze",2016-11-20 18:55:07,"#enthiran2#2.0 <ed><U+00A0><U+00BE><ed><U+00B4><U+0093><ed><U+00A0><U+00BE><ed><U+00B4><U+0093>",FALSE,29,"2, enthiran2","Juno",0,"image","null",0,FALSE,"Sunday",FALSE,2016-11-20
"64","ramzandieze",2016-11-08 00:39:45,"null",FALSE,82,"","Normal",3,"image","null",0,FALSE,"Tuesday",FALSE,2016-11-07
"65","ramzandieze",2016-11-06 12:53:52,"#schooldays hnc #negombo",FALSE,64,"schooldays, negombo","Normal",0,"image","null",0,FALSE,"Sunday",FALSE,2016-11-06
"66","ramzandieze",2016-11-05 12:50:13,"@supulm first portrait photo from #iphone7plus,",FALSE,49,"iphone7plus","Gingham",3,"image","null",0,FALSE,"Saturday",FALSE,2016-11-05
"67","ramzandieze",2016-11-04 11:31:46,"A simple life is good with me....#negombo#beach",FALSE,39,"beach, negombo","Normal",0,"image","null",0,FALSE,"Friday",FALSE,2016-11-04
"68","ramzandieze",2016-11-03 17:56:21,"<U+0D94><U+0DB6><U+0DA7> <U+0DB1><U+0DD2><U+0DC0><U+0DB1><U+0DCA> <U+0DC3><U+0DD4><U+0DC0> <U+0D85><U+0DB8><U+0DBB><U+0DAF><U+0DDA><U+0DC0> <U+0DC3><U+0DBB><U+0DCA> <ed><U+00A0><U+00BD><ed><U+00B8><U+00A2><ed><U+00A0><U+00BD><ed><U+00B8><U+00A2><ed><U+00A0><U+00BD><ed><U+00B8><U+00A2>..",FALSE,47,"","Gingham",0,"image","null",0,FALSE,"Thursday",FALSE,2016-11-03
"69","ramzandieze",2016-11-03 12:01:17,"null",FALSE,37,"","Normal",1,"image","null",0,FALSE,"Thursday",FALSE,2016-11-03
"70","ramzandieze",2016-11-01 19:33:48,"Had to wait than buy another exploding shit,,",FALSE,56,"","Juno",2,"image","null",0,FALSE,"Tuesday",FALSE,2016-11-01
"71","ramzandieze",2016-11-01 19:08:03,"A good teacher is one who listens and learns. The same can be said for a student... #trincoblubycinnamon",FALSE,54,"trincoblubycinnamon","Normal",0,"image","Trinco Blu by Cinnamon",0,FALSE,"Tuesday",FALSE,2016-11-01
"72","ramzandieze",2016-10-30 09:58:45,"I think I'm losing my mind now
It's in my head, darling, I hope
That you'll be here, when I need you the most
So don't let me, don't let me, don't let me down
Don't let me down",FALSE,24,"","Normal",0,"image","null",0,FALSE,"Sunday",FALSE,2016-10-30
"73","ruzaikjunaid",2017-04-26 21:59:46,"You either die a hero or live long  enough to see yourself become the villain
#RJ
#quotes",FALSE,69,"rj, quotes","Normal",0,"image","Dehiwala",0,FALSE,"Wednesday",FALSE,2017-04-26
"74","ruzaikjunaid",2017-04-22 20:53:47,"#InterApiitBasketball #TeamICBT
#InsideCricketBasketballTeam
#friendsforlife",TRUE,61,"teamicbt, insidecricketbasketballteam, interapiitbasketball, friendsforlife","Normal",0,"image","Mercantile Cricket Association (MCA)",7,FALSE,"Saturday",TRUE,2017-04-22
"75","ruzaikjunaid",2017-04-19 08:02:39,"#morning #lecture",TRUE,57,"morning, lecture","Normal",9,"image","null",0,TRUE,"Wednesday",FALSE,2017-04-19
"76","ruzaikjunaid",2017-04-17 21:48:01,"#homemade #drinking #chocolate <ed><U+00A0><U+00BD><ed><U+00B8><U+008D><ed><U+00A0><U+00BD><ed><U+00B8><U+008D>",FALSE,59,"drinking, chocolate, homemade","Clarendon",2,"image","Dehiwala",0,FALSE,"Monday",FALSE,2017-04-17
"77","ruzaikjunaid",2017-04-08 19:03:04,"The More U Smile.... The More U Succeed.....
#RJ 
#quotes",FALSE,51,"rj, quotes","Hefe",0,"image","null",0,FALSE,"Saturday",FALSE,2017-04-08
"78","ruzaikjunaid",2017-04-07 12:28:10,"#bubbletea",FALSE,53,"bubbletea","Clarendon",2,"image","Bubble Me Bubble Tea",0,FALSE,"Friday",FALSE,2017-04-07
"79","ruzaikjunaid",2017-04-04 23:17:25,"Be yourself..... Dont be what others want you to be....
#RJ
#quotes",TRUE,69,"rj, quotes","Normal",0,"image","null",0,FALSE,"Tuesday",FALSE,2017-04-04
"80","ruzaikjunaid",2017-02-05 12:40:36,"#shapeofyou #repeat #mode 
got addicted.....",FALSE,36,"shapeofyou, mode, repeat","Clarendon",2,"image","null",0,FALSE,"Sunday",FALSE,2017-02-05
"81","ruzaikjunaid",2017-01-20 10:47:10,"#thankyouobama 
#godblessamerica",FALSE,48,"godblessamerica, thankyouobama","Clarendon",2,"image","null",0,FALSE,"Friday",FALSE,2017-01-20
"82","ruzaikjunaid",2016-07-06 23:02:48,"Eid Selfie :)",TRUE,46,"","Normal",3,"image","null",0,FALSE,"Wednesday",FALSE,2016-07-06
"83","ruzaikjunaid",2015-12-08 23:15:46,"#NoSleep#WatElsToDo#MountainDew",FALSE,42,"watelstodo, nosleep, mountaindew","Perpetua",0,"image","null",0,FALSE,"Tuesday",FALSE,2015-12-08
"84","ruzaikjunaid",2015-12-05 21:48:22,"#Instapic#Instamood#Home#selfie
#inpurple",TRUE,33,"instamood, home, inpurple, instapic, selfie","Lark",4,"image","null",0,FALSE,"Saturday",FALSE,2015-12-05
"85","ruzaikjunaid",2015-04-15 16:31:21,"#Corn #Trinco #Road #family",FALSE,31,"trinco, family, road, corn","Normal",1,"image","null",0,FALSE,"Wednesday",FALSE,2015-04-15
"86","ruzaikjunaid",2015-04-13 08:25:13,"I am also nt bad in Photography :p",FALSE,27,"","Normal",0,"image","null",0,FALSE,"Monday",FALSE,2015-04-13
"87","ruzaikjunaid",2015-04-04 21:02:31,"Every time i go near my cupboard it says this to me....And i will always do that way :)...
#RC",FALSE,22,"rc","Normal",0,"image","null",0,FALSE,"Saturday",FALSE,2015-04-04
"88","ruzaikjunaid",2015-03-27 16:03:10,"It z going to b a heavy shower in #Wellawatte.... :|",FALSE,19,"wellawatte","Normal",2,"image","null",0,FALSE,"Friday",FALSE,2015-03-27
"89","ruzaikjunaid",2015-01-23 21:20:25,"Thnx Machi :) @inzamam_ahamed_iqbal",FALSE,13,"","Normal",1,"image","null",0,FALSE,"Friday",FALSE,2015-01-23
"90","ruzaikjunaid",2015-01-03 08:46:40,"#Crest#RC #Home
#Much #Love
#Heaven#On#Earth
#Alma#Mater",FALSE,30,"crest, mater, alma, earth, on, heaven, rc, much, home, love","Amaro",0,"image","null",0,FALSE,"Saturday",FALSE,2015-01-03
"91","ruzaikjunaid",2014-12-31 21:28:34,"#Air#Hockey#MC#Friends
#Enjoyed#Luved#It
#Fun#Time#Pic#Of#The#Day #Last#Pic#Of#The#Year
Photo credits:@sharou_str",FALSE,28,"last, time, year, day, air, it, mc, of, fun, the, hockey, luved, pic, enjoyed, friends","Lo-fi",0,"image","null",0,FALSE,"Wednesday",FALSE,2014-12-31
"92","ruzaikjunaid",2014-12-29 21:17:07,"#Finally#Got#It  #Driving#License#Happy",FALSE,24,"happy, got, it, finally, license, driving","Normal",0,"image","null",0,FALSE,"Monday",FALSE,2014-12-29
"93","thanu_naga",2017-05-01 22:21:58,"<ed><U+00A0><U+00BD><ed><U+00B9><U+0088>",FALSE,60,"","Clarendon",0,"image","null",0,FALSE,"Monday",FALSE,2017-05-01
"94","thanu_naga",2017-04-21 15:15:53,"Green Office <ed><U+00A0><U+00BC><ed><U+00BC><U+00BF><ed><U+00A0><U+00BC><ed><U+00BC><U+00BE>",FALSE,60,"","Lark",1,"image","null",0,FALSE,"Friday",FALSE,2017-04-21
"95","thanu_naga",2017-04-16 21:29:33,"One fine day <ed><U+00A0><U+00BD><ed><U+00B8><U+008D>",FALSE,68,"","Normal",0,"image","null",0,FALSE,"Sunday",FALSE,2017-04-16
"96","thanu_naga",2017-04-14 15:49:19,"Light Contrast Photography <ed><U+00A0><U+00BD><ed><U+00B8><U+0089>",FALSE,47,"","Normal",5,"image","null",0,FALSE,"Friday",FALSE,2017-04-14
"97","thanu_naga",2017-03-15 00:08:15,"#IITStagecraft2017#AnniandSissy#Onefineday#weincheks#Memorytocherish<ed><U+00A0><U+00BD><ed><U+00B2><U+0095>#<U+263A>",FALSE,68,"memorytocherish<ed><U+00A0><U+00BD><ed><U+00B2><U+0095>, iitstagecraft2017, onefineday, anniandsissy, weincheks","Normal",0,"image","null",2,FALSE,"Wednesday",TRUE,2017-03-14
"98","thanu_naga",2017-02-22 12:29:16,"One of my Bucket Lists <ed><U+00A0><U+00BD><ed><U+00B9><U+0088>",FALSE,76,"","Normal",0,"image","Mount Lavinia Hotel",1,FALSE,"Wednesday",TRUE,2017-02-22
"99","thanu_naga",2017-02-19 11:09:45,"Tradition is the illusion of permanance <ed><U+00A0><U+00BD><ed><U+00B1><U+0086>",FALSE,65,"","Normal",2,"image","null",0,FALSE,"Sunday",FALSE,2017-02-19
"100","thanu_naga",2017-02-16 16:33:20,"Throwback to Mathu's Anna wedding - Me with my Guider <U+263A>
PC - @sivanuka_k",FALSE,79,"","Clarendon",2,"image","null",0,FALSE,"Thursday",FALSE,2017-02-16
"101","thanu_naga",2017-02-09 17:34:25,"With my Soul Mate <ed><U+00A0><U+00BD><ed><U+00B1><U+00AD>",FALSE,64,"","Lark",0,"image","null",2,FALSE,"Thursday",TRUE,2017-02-09
"102","thanu_naga",2017-02-08 21:45:49,"These girls lit-up the event even better <ed><U+00A0><U+00BD><ed><U+00B1><U+008C>",FALSE,83,"","Hudson",4,"image","The Excellency",2,FALSE,"Wednesday",TRUE,2017-02-08
"103","thanu_naga",2017-02-01 21:36:18,"Blessed <ed><U+00A0><U+00BD><ed><U+00B8><U+008D>",FALSE,74,"","Normal",3,"image","null",0,FALSE,"Wednesday",FALSE,2017-02-01
"104","thanu_naga",2017-01-17 12:23:31,"Virtusa Pongal Celebration <ed><U+00A0><U+00BD><ed><U+00B1><U+00AD>",FALSE,69,"","Juno",0,"image","Virtusa Polaris",1,FALSE,"Tuesday",TRUE,2017-01-17
"105","thanu_naga",2017-01-14 11:20:06,"<ed><U+00A0><U+00BD><ed><U+00B2><U+0093> Happy Pongal <ed><U+00A0><U+00BD><ed><U+00B2><U+0093>",FALSE,67,"","Juno",2,"image","null",0,FALSE,"Saturday",FALSE,2017-01-14
"106","thanu_naga",2017-01-12 16:13:24,"#postbirthdaycelebration #sorusbday #againwefour #notplannedone #gonewell #<U+263A><ed><U+00A0><U+00BD><ed><U+00B8><U+008A><ed><U+00A0><U+00BD><ed><U+00B8><U+008D>",FALSE,68,"gonewell, notplannedone, postbirthdaycelebration, sorusbday, againwefour","Clarendon",1,"image","null",2,FALSE,"Thursday",TRUE,2017-01-12
"107","thanu_naga",2017-01-07 19:11:57,"Denim Lover <U+263A>",FALSE,66,"","Nashville",2,"image","null",0,FALSE,"Saturday",FALSE,2017-01-07
"108","thanu_naga",2016-12-22 02:03:02,"BT Awards Night <U+270C>",FALSE,53,"","Sierra",0,"image","Grand Oriental Hotel",0,FALSE,"Thursday",FALSE,2016-12-21
"109","thanu_naga",2016-12-19 18:44:56,"Christmas Bazaar <ed><U+00A0><U+00BD><ed><U+00B8><U+008D><ed><U+00A0><U+00BD><ed><U+00B8><U+008D><ed><U+00A0><U+00BD><ed><U+00B8><U+008D>",FALSE,59,"","Juno",0,"image","null",0,FALSE,"Monday",FALSE,2016-12-19
"110","thanu_naga",2016-12-17 20:43:17,"Unconditional Love <ed><U+00A0><U+00BD><ed><U+00B8><U+008D>",FALSE,58,"","Lo-fi",0,"image","null",2,FALSE,"Saturday",TRUE,2016-12-17
"111","thanu_naga",2016-12-14 13:44:47,"New Me <ed><U+00A0><U+00BD><ed><U+00B8><U+008D>",FALSE,72,"","Reyes",3,"image","null",0,FALSE,"Wednesday",FALSE,2016-12-14
"112","thanu_naga",2016-12-04 22:04:05,"Chai walli - Australian Business woman of the year - Flash of inspiration <ed><U+00A0><U+00BD><ed><U+00B1><U+008D>",FALSE,24,"","Normal",0,"image","null",0,FALSE,"Sunday",FALSE,2016-12-04
